File,Line,Broken Slug
_posts/1986-06-15-international-games-skip-bo-card-game-in-box-complete.md,17,2024-02-01-top-10-retro-card-games.
_posts/1991-11-17-face-a-faccia-celebrita.md,93,per
_posts/1994-04-01-mtg-fourth-edition-booster-pack.md,48,2021-07-18-retro-mtg-unboxings
_posts/1994-04-01-mtg-fourth-edition-booster-pack.md,49,2020-12-05-nostalgia-collector-series
_posts/1994-04-01-mtg-fourth-edition-booster-pack.md,73,2019-03-21-old-school-boosters
_posts/1994-04-01-mtg-fourth-edition-booster-pack.md,74,2020-09-30-vintage-decks-journey
_posts/1994-04-01-mtg-fourth-edition-booster-pack.md,100,2021-05-22-retro-unboxings-joy
_posts/1994-04-01-mtg-fourth-edition-booster-pack.md,101,2022-08-03-collectors-journal
_posts/1999-12-31-skip-bo-original-card-game-mattel-sealed-vtg-review.md,81,tag
_posts/2013-12-27-cards-against-humanity-2013-holiday-pack.md,85,2015-12-25-geeknite-holiday-board-games-roundup
_posts/2013-12-27-cards-against-humanity-2013-holiday-pack.md,108,2014-12-20-cah-strategy-and-first-experiences
_posts/2013-12-27-cards-against-humanity-2013-holiday-pack.md,109,2015-12-25-geeknite-holiday-board-games-roundup
_posts/2015-04-11-asmodee-dixit-promo-cards-tabletop-day-2015-nm.md,27,2015-01-20-dixit-base-game-review
_posts/2015-04-11-asmodee-dixit-promo-cards-tabletop-day-2015-nm.md,84,2015-01-20-dixit-base-game-review
_posts/2015-04-11-asmodee-dixit-promo-cards-tabletop-day-2015-nm.md,85,2015-02-14-dixit-promos-and-night-hijinks
_posts/2015-04-11-asmodee-dixit-promo-cards-tabletop-day-2015-nm.md,113,2015-01-20-dixit-base-game-review
_posts/2015-04-11-asmodee-dixit-promo-cards-tabletop-day-2015-nm.md,114,2015-03-30-dixit-odyssey-expansion-notes
_posts/2017-04-01-tolkien-the-mind-of-a-genius-newsweek-special-edition.md,72,2018-04-12-tolkien-language-mechanics
_posts/2017-04-01-tolkien-the-mind-of-a-genius-newsweek-special-edition.md,73,2019-09-07-mythmaking-modern-era
_posts/2017-04-01-tolkien-the-mind-of-a-genius-newsweek-special-edition.md,74,2020-02-15-worldbuilding-101
_posts/2020-04-22-hasbro-monopoly-fuer-schlechte-verlierer.md,20,2023-11-01-monopoly-mods-fuer-familien
_posts/2020-04-22-hasbro-monopoly-fuer-schlechte-verlierer.md,82,2023-11-01-monopoly-mods-fuer-familien
_posts/2020-04-22-hasbro-monopoly-fuer-schlechte-verlierer.md,83,2022-06-15-spieltests-in-praxis
_posts/2020-07-04-core-set-2021-booster-pack.md,79,2020-07-04-core-set-2020-booster-pack
_posts/2020-07-04-core-set-2021-booster-pack.md,80,2020-07-11-core-set-drafting-guide
_posts/2020-07-04-core-set-2021-booster-pack.md,81,2019-08-15-core-sets-retrospective
_posts/2020-07-20-sealed-m21-collector-booster-display-box-review.md,47,2020-07-12-magic-box-opening-tips
_posts/2020-07-20-sealed-m21-collector-booster-display-box-review.md,80,2020-07-12-magic-box-opening-tips
_posts/2020-07-20-sealed-m21-collector-booster-display-box-review.md,81,2020-07-01-sealed-mbox-guide
_posts/2020-10-15-hasbro-monopoly-fuer-schlechte-verlierer-2020.md,85,2020-03-20-monopoly-variante-review
_posts/2020-10-15-hasbro-monopoly-fuer-schlechte-verlierer-2020.md,86,2020-05-12-brettspiel-tipps
_posts/2020-10-15-mattel-uno-card-game-with-customizable-wild-cards-new-2020.md,106,2021-04-20-creative-types-night
_posts/2020-10-15-mattel-uno-card-game-with-customizable-wild-cards-new-2020.md,107,2020-11-02-best-family-board-games-2020
_posts/2020-10-15-mattel-uno-card-game-with-customizable-wild-cards-new-2020.md,108,2022-03-14-quick-party-games-for-small-spaces
_posts/2020-11-01-shadow-of-the-tomb-raider-definitive-edition-ps4-brand-new-game-2020-action.md,85,2020-04-15-shadow-of-the-tomb-raider-original-review
_posts/2020-11-01-shadow-of-the-tomb-raider-definitive-edition-ps4-brand-new-game-2020-action.md,86,2019-09-22-ps4-action-adventure-missed-games
_posts/2020-11-01-shadow-of-the-tomb-raider-definitive-edition-ps4-brand-new-game-2020-action.md,87,2018-11-03-evolution-lara-croft
_posts/2020-11-02-monopoly-fuer-schlechte-verlierer.md,77,2020-04-10-monopoly-varianten
_posts/2020-11-02-monopoly-fuer-schlechte-verlierer.md,78,2020-03-02-monopoly-alle-varianten
_posts/2020-11-15-shadow-of-the-tomb-raider-definitive-edition-ps4-review.md,138,'ps4-adventures-review'
_posts/2020-12-12-hasbro-monopoly-fuer-schlechte-verlierer-2020.md,69,2020-04-15-geeknite-monopoly-overview
_posts/2020-12-12-hasbro-monopoly-fuer-schlechte-verlierer-2020.md,95,2020-04-15-geeknite-monopoly-overview
_posts/2020-12-15-hasbro-monopoly-fuer-schlechte-verlierer-2020.md,60,Verweise
_posts/2020-12-15-hasbro-monopoly-fuer-schlechte-verlierer-2020.md,62,2020-05-01-monopoly-kritik.html
_posts/2020-12-15-hasbro-monopoly-fuer-schlechte-verlierer-2020.md,63,2019-11-20-beste-brettspiele-2019.html
_posts/2021-02-28-mtg-kaldheim-you-choose.md,93,references
_posts/2021-02-28-mtg-kaldheim-you-choose.md,109,references
_posts/2021-07-15-magic-gathering-booster-pack-modern-horizons-2.md,22,tag
_posts/2021-07-15-magic-gathering-booster-pack-modern-horizons-2.md,58,links
_posts/2021-07-15-magic-gathering-booster-pack-modern-horizons-2.md,89,below
_posts/2021-07-15-magic-gathering-booster-pack-modern-horizons-2.md,113,links
_posts/2021-07-15-magic-the-gathering-core-set-2021-draft-booster-box-case-of-6-boxes.md,74,2024-07-01-budget-drafting-mtg
_posts/2021-07-17-core-set-2021-uncommons-review.md,24,2020-09-14-magic-sets-meets-uncommons
_posts/2021-07-17-core-set-2021-uncommons-review.md,89,2019-11-08-magic-math-of-drafting
_posts/2021-07-17-core-set-2021-uncommons-review.md,124,2020-09-14-magic-sets-meets-uncommons
_posts/2021-07-17-core-set-2021-uncommons-review.md,126,2019-11-08-magic-math-of-drafting
_posts/2021-08-25-core-2021-booster-box-sealed.md,96,2020-08-sealed-box-strategy
_posts/2021-08-25-core-2021-booster-box-sealed.md,97,2021-03-draft-vs-sealed
_posts/2021-08-25-core-2021-booster-box-sealed.md,122,2021-03-draft-vs-sealed
_posts/2021-11-01-exploding-kittens-exploding-minions-card-game-2-5-players-age-7-new.md,18,2020-05-22-exploding-kittens-review
_posts/2021-11-01-exploding-kittens-exploding-minions-card-game-2-5-players-age-7-new.md,89,2020-05-22-exploding-kittens-review
_posts/2021-11-01-exploding-kittens-exploding-minions-card-game-2-5-players-age-7-new.md,99,2022-02-11-geeknite-shopping-tips
_posts/2021-11-01-exploding-kittens-exploding-minions-card-game-2-5-players-age-7-new.md,104,2021-03-18-best-kid-friendly-party-games
_posts/2021-11-01-exploding-kittens-exploding-minions-card-game-2-5-players-age-7-new.md,114,2021-06-09-deep-dive-party-games
_posts/2021-11-18-exploding-kittens-party-pack-review-2021.md,25,2021-05-03-best-party-games-roundup].
_posts/2021-11-20-ravenform-khm-072-285.md,13,2021-11-18-kaldheim-snow-theme
_posts/2021-11-20-ravenform-khm-072-285.md,89,2021-11-18-kaldheim-snow-theme
_posts/2021-11-20-ravenform-khm-072-285.md,90,2021-10-29-budget-constructs
_posts/2022-10-15-phase-10-40th-anniversary-metal-steel-case.md,80,'geeknite-board-game-night-essentials'
_posts/2022-10-15-phase-10-40th-anniversary-metal-steel-case.md,81,'nostalgia-gaming-collectibles-roundup'
_posts/2022-10-15-phase-10-40th-anniversary-metal-steel-case.md,82,'board-games-collectors-opinions'
_posts/2022-10-15-phase-10-40th-anniversary-metal-steel-case.md,83,'game-night-organization-101'
_posts/2022-11-18-exploding-kittens-streaking-kittens-fr-ek-new.md,89,to
_posts/2023-11-15-disney-beat-the-parents-board-game.md,140,2023-05-02-beat-the-parents-classic-edition
_posts/2023-11-15-disney-beat-the-parents-board-game.md,151,2023-05-02-beat-the-parents-classic-edition
_posts/2023-11-15-disney-beat-the-parents-board-game.md,152,2024-02-11-disney-edition-review
_posts/2023-11-20-cards-against-humanity-100th-anniversary-edition-game-2023.md,99,2024-04-18-best-party-games-for-large-groups
_posts/2023-11-20-cards-against-humanity-100th-anniversary-edition-game-2023.md,100,2023-12-01-navigating-sensitivity-in-party-games
_posts/2023-11-20-modern-art-card-game-cmon-sealed-knizia.md,18,2023-08-05-geeknite-board-game-quick-review-modern-art
_posts/2023-12-01-modern-art-the-card-game-reiner-knizia-cmon-sealed.md,102,2023-03-19-knizia-art-mechanics-retro
_posts/2023-12-01-modern-art-the-card-game-reiner-knizia-cmon-sealed.md,103,2022-11-02-sealed-deck-strategies
_posts/2023-12-01-modern-art-the-card-game-reiner-knizia-cmon-sealed.md,104,2021-08-15-art-market-games
_posts/2024-03-20-2012-itg-ultimate-memorabilia-12th-edition-bo-horvat-patch-auto-24-24.md,19,tag
_posts/2024-04-07-vintage-skip-bo-1993-review.md,83,2023-06-10-vintage-games-guide.html
_posts/2024-04-07-vintage-skip-bo-1993-review.md,97,2024-01-15-uno-vs-skip-bo.html
_posts/2024-04-07-vintage-skip-bo-1993-review.md,98,2023-06-10-vintage-games-guide.html
_posts/2024-04-07-vintage-skip-bo-1993-review.md,113,2024-01-15-uno-vs-skip-bo.html
_posts/2024-04-07-vintage-skip-bo-1993-review.md,114,2023-06-10-vintage-games-guide.html
_posts/2024-04-08-exploding-kittens-original-deck.md,115,2024-02-01-party-game-pacing
_posts/2024-04-08-kaldheim-common-set-111-cards-1x-x1-khm-2021.md,110,2023-02-15-budget-mtg-decks
_posts/2024-04-08-kaldheim-common-set-111-cards-1x-x1-khm-2021.md,111,2022-11-03-mtg-set-design-principles
_posts/2024-04-08-kaldheim-common-set-111-cards-1x-x1-khm-2021.md,121,2022-08-12-budget-matters
_posts/2024-04-08-servant-of-the-mind-volbeat-2cd-limited-edition-review.md,76,2023-12-31-best-albums-2023](
_posts/2024-04-08-servant-of-the-mind-volbeat-2cd-limited-edition-review.md,77,2022-08-14-storytelling-in-metal](
_posts/2024-04-08-sushi-go-edition-originale.md,84,2020-05-10-sushi-go-party-review
_posts/2024-04-08-sushi-go-edition-originale.md,85,2019-11-02-ramen-fury-review
_posts/2024-04-08-sushi-go-edition-originale.md,86,2021-03-22-wasabi-guide
_posts/2024-04-09-mattel-games-skip-bo-card-game-for-kids.md,42,2023-06-15-board-games-for-kids.html
_posts/2024-04-09-mattel-games-skip-bo-card-game-for-kids.md,43,2023-03-12-family-game-night-essentials.html
_posts/2024-04-09-mattel-games-skip-bo-card-game-for-kids.md,96,2023-06-15-board-games-for-kids.html
_posts/2024-04-20-bicycle-808-rider-back-blue-deck-review.md,47,2023-08-15-deck-maintenance
_posts/2024-04-20-bicycle-808-rider-back-blue-deck-review.md,49,2024-01-10-top-blue-rider-decks
_posts/2024-04-28-exploding-kittens-pack-fiesta-10-jugadores-precintado-2020-mas-cartas.md,103,2023-11-01-juegos-de-mesa-para-grupos
_posts/2024-04-28-exploding-kittens-pack-fiesta-10-jugadores-precintado-2020-mas-cartas.md,104,2024-02-20-humor-y-juegos-de-mesa
_posts/2024-04-30-elspeth-suns-champion-theros-review.md,34,2023-11-15-theros-flavor-overview
_posts/2024-04-30-elspeth-suns-champion-theros-review.md,61,2024-01-20-token-chaos-white-clan
_posts/2024-04-30-elspeth-suns-champion-theros-review.md,68,2023-12-03-elspeth-token-revolution
_posts/2024-06-15-nemesis-vs-alien-fate-of-the-nostromo.md,97,2024-04-18-betrayal-mechanics-coop
_posts/2024-06-15-nemesis-vs-alien-fate-of-the-nostromo.md,98,2024-01-12-top-coop-games
_posts/2024-06-15-nemesis-vs-alien-fate-of-the-nostromo.md,99,2024-02-22-board-game-night-tips
_posts/2024-06-20-zombicide-season-3-infected-pack-stretch-goals-no-cat-figure.md,82,2024-04-12-zombicide-season-2-review
_posts/2024-06-20-zombicide-season-3-infected-pack-stretch-goals-no-cat-figure.md,83,2024-02-20-kickstarter-roundup
_posts/2024-07-01-wd-black-sn850x-2tb-review.md,30,2024-03-15-nvme-gen4-showdown
_posts/2024-07-01-wd-black-sn850x-2tb-review.md,72,2023-08-10-wd-sn750-vs-sn850x
_posts/2024-08-15-1972-1976-vintage-sealed-bicycle-808-rider-back-playing-cards.md,19,magic
_posts/2024-11-04-skyzoo-the-mind-of-a-giant-deluxe-edition-vinyl-review.md,90,2024-08-15-vinyl-care-101
_posts/2024-11-04-skyzoo-the-mind-of-a-giant-deluxe-edition-vinyl-review.md,91,2024-03-22-hip-hop-samples-101
_posts/2024-11-04-skyzoo-the-mind-of-a-giant-deluxe-edition-vinyl-review.md,92,2024-06-07-turntable-aesthetics
_posts/2024-11-15-trudvang-westmark-kickstarter-expansion-cmon-2024.md,21,trudvang-legends-core-set-review
_posts/2024-11-15-trudvang-westmark-kickstarter-expansion-cmon-2024.md,141,trudvang-legends-core-set-review
_posts/2024-11-15-trudvang-westmark-kickstarter-expansion-cmon-2024.md,160,trudvang-legends-core-set-review
_posts/2024-11-20-trio-family-card-game-review.md,106,2024-05-12-best-family-board-games
_posts/2024-11-20-trio-family-card-game-review.md,107,2023-10-27-top-party-games
_posts/2024-11-20-trio-family-card-game-review.md,140,2024-05-12-best-family-board-games
_posts/2024-11-20-trio-family-card-game-review.md,141,2023-10-27-top-party-games
_posts/2024-11-20-trio-family-card-game-review.md,152,2024-03-01-trio-family-card-games-advances
_posts/2024-11-28-cards-against-humanity-actualizado-2024-nuevo-precintado.md,79,2023-07-15-resena-juegos-de-fiesta-populares
_posts/2024-11-28-cards-against-humanity-actualizado-2024-nuevo-precintado.md,80,2024-02-20-guia-rapida-juegos-de-fiesta-para-grupos-grandes
_posts/2024-11-28-cards-against-humanity-actualizado-2024-nuevo-precintado.md,81,2022-09-10-resena-cah-edition-legacy
_posts/2024-11-28-trudvang-westmark-expansion-cmon-2024.md,18,2024-07-12-trudvang-legends-review
_posts/2024-11-28-trudvang-westmark-expansion-cmon-2024.md,115,2024-05-18-trudvang-ecosystem-update
_posts/2024-11-29-rummy-21-card-game-2001-winning-moves-games.md,144,2023-07-14-deck-crafting-101
_posts/2024-11-29-rummy-21-card-game-2001-winning-moves-games.md,145,2024-02-20-great-card-game-reboot
_posts/2024-11-29-rummy-21-card-game-2001-winning-moves-games.md,147,2022-11-03-card-game-renaissance
_posts/2025-04-07-findus-2025-spielkarten-one-mattel-limited-edition-sammlung.md,18,2024-11-05-mattel-uno-showdown
_posts/2025-04-07-findus-2025-spielkarten-one-mattel-limited-edition-sammlung.md,114,2024-11-05-mattel-uno-showdown
_posts/2025-04-08-disney-beat-the-parents-gioco-da-tavolo-edizione-2023.md,19,e
_posts/2025-04-08-disney-beat-the-parents-gioco-da-tavolo-edizione-2023.md,90,di
_posts/2025-04-08-disney-beat-the-parents-gioco-da-tavolo-edizione-2023.md,91,2023-12-15-family-board-games-essentials
_posts/2025-04-08-mattel-pocket-size-phase-10-go-2025-mini-card-game.md,21,2024-05-12-mini-board-games-a-nifty-trend
_posts/2025-04-08-mattel-pocket-size-phase-10-go-2025-mini-card-game.md,75,2023-11-01-phase-10-go-full-review
_posts/2025-04-08-mattel-pocket-size-phase-10-go-2025-mini-card-game.md,99,2024-05-12-mini-board-games-quick-takes
_posts/2025-04-08-mattel-pocket-size-phase-10-go-2025-mini-card-game.md,100,2024-12-01-travel-games-guide
_posts/2025-04-08-uno-elite-core-red-yaya-diab-y-buccaneers.md,101,2024-11-20-geek-nite-board-game-roundup
_posts/2025-04-16-gloom-109-108-ar-sv3-ruler-of-the-black-flame-jp-nm.md,27,2025-04-01-pokemon-sv3-open-art-arcade
_posts/2025-04-16-gloom-109-108-ar-sv3-ruler-of-the-black-flame-jp-nm.md,28,2025-02-10-japanese-tcg-collectors-guide
_posts/2025-04-16-gloom-109-108-ar-sv3-ruler-of-the-black-flame-jp-nm.md,61,2025-02-22-pokemon-nm-checklist
_posts/2025-04-16-gloom-109-108-ar-sv3-ruler-of-the-black-flame-jp-nm.md,79,2025-03-30-ar-collecting-lore
_posts/2025-04-16-gloom-109-108-ar-sv3-ruler-of-the-black-flame-jp-nm.md,84,2025-01-28-ar-display-strategies
_posts/2025-04-16-gloom-109-108-ar-sv3-ruler-of-the-black-flame-jp-nm.md,85,2025-02-14-japanese-grading-primer
_posts/2025-04-16-gloom-109-108-ar-sv3-ruler-of-the-black-flame-jp-nm.md,103,2025-01-28-ar-display-strategies
_posts/2025-04-16-gloom-109-108-ar-sv3-ruler-of-the-black-flame-jp-nm.md,104,2025-02-11-gloom-auras-case-study
_posts/2025-04-16-gloom-109-108-ar-sv3-ruler-of-the-black-flame-jp-nm.md,106,2025-03-20-nm-proofing-guide
_posts/2025-04-18-uno-elite-core-edition-amarillo.md,22,2024-07-15-uno-strategy-teardown
_posts/2025-04-18-uno-elite-core-edition-amarillo.md,111,2024-07-15-uno-strategy-teardown
_posts/2025-04-18-uno-elite-formula-1-starter-pack-2025-core-edition.md,86,'2024-11-01-uno-edition-review'
_posts/2025-04-18-uno-elite-formula-1-starter-pack-2025-core-edition.md,96,'2023-08-20-uno-variant-history'
_posts/2025-04-20-uno-elite-nfl-2025-core-edition-plus-40-cartas.md,87,2024-01-01-uno-classic.md
_posts/2025-04-20-uno-elite-nfl-2025-core-edition-plus-40-cartas.md,88,2024-07-18-uno-sport-edition.md
_posts/2025-04-28-uno-elite-core-edition-2025-amarillo.md,85,2024-07-02-uno-classic-review
_posts/2025-04-28-uno-elite-core-edition-2025-amarillo.md,135,2024-07-02-uno-classic-review
_posts/2025-04-28-uno-elite-core-edition-2025-amarillo.md,136,2023-08-15-board-games-night-guide
_posts/2025-04-28-uno-elite-core-edition-2025-amarillo.md,137,2023-12-11-uno-variants-roundup
_posts/2025-06-15-carletto-findus-uno-limited-edition-collezione.md,70,2024-uno-review
_posts/2025-06-15-carletto-findus-uno-limited-edition-collezione.md,89,2023-uno-classic-review
_posts/2025-06-15-carletto-findus-uno-limited-edition-collezione.md,90,2022-edizioni-uno-balance
_posts/2025-06-15-macbook-air-m4-13-2025-review.md,18,2024-11-02-macbook-air-m2-vs-m3
_posts/2025-06-15-macbook-air-m4-13-2025-review.md,48,2024-11-02-macbook-air-m2-vs-m3
_posts/2025-06-15-macbook-air-m4-13-2025-review.md,72,2024-11-02-macbook-air-m2-vs-m3
_posts/2025-06-15-macbook-air-m4-13-2025-review.md,135,2024-10-18-apple-silicon-memory-management
_posts/2025-06-15-macbook-air-m4-13-2025-review.md,136,2025-01-12-ultrabook-trends-2025
_posts/2025-06-15-macbook-air-m4-13-2025-review.md,137,2023-08-03-optimizing-macos-battery-life
_posts/2025-06-20-macbook-air-15m4-review.md,24,'2024-09-12-macbook-air-2024-review'
_posts/2025-06-20-macbook-air-15m4-review.md,46,'2025-01-11-laptop-display-nerd-notes'
_posts/2025-06-20-macbook-air-15m4-review.md,56,'2025-03-22-laptop-performance-roundup'
_posts/2025-06-20-macbook-air-15m4-review.md,58,'2024-09-12-macbook-air-2024-review'
_posts/2025-06-20-macbook-air-15m4-review.md,68,'2024-05-14-macbook-air-typing-differences'
_posts/2025-06-20-macbook-air-15m4-review.md,76,'2025-04-08-windows-vs-mac-port-choices'
_posts/2025-06-20-macbook-air-15m4-review.md,78,'2024-11-05-air-ports-evolution'
_posts/2025-06-20-macbook-air-15m4-review.md,92,'2025-03-01-energy-smart-laptops'
_posts/2025-06-20-macbook-air-15m4-review.md,100,'2025-01-23-macos-linux-windows-workflow'
_posts/2025-06-20-macbook-air-15m4-review.md,106,'2025-02-28-mac-gaming-performance'
_posts/2025-06-20-macbook-air-15m4-review.md,116,'2024-12-02-air-vs-pro-value'
_posts/2025-06-20-macbook-air-15m4-review.md,131,'2025-04-15-creative-workflows-mac'
_posts/2025-06-20-macbook-air-15m4-review.md,137,'2024-09-12-macbook-air-2024-review'
_posts/2025-07-01-mattel-pocket-size-phase-10-go-2025-mini-card-game.md,114,2024-11-01-phase-10-go-review
_posts/2025-07-12-uno-elite-formula1-starter-pack-core-edition.md,18,2024-09-01-uno-variants-overview
_posts/2025-07-24-uno-elite-core-dual-color-foil-pick-your-card-volume-pricing.md,12,so
_posts/2025-08-01-uno-elite-core-edition-yellow.md,102,2024-11-20-uno-classic-review
_posts/2025-08-01-uno-elite-core-edition-yellow.md,103,2025-01-02-uno-strategy-guide
_posts/2025-09-10-mattel-uno-elite-core-edition-ya-ya-diab-y-yellow-tampa-bay-buccaneer.md,21,2025-04-02-yaya-diab-y-profile
_posts/2025-09-12-apple-macbook-air-m4-midnight-mw123ll-a-2025-review.md,19,2024-11-21-macbook-family-review
_posts/2025-09-12-apple-macbook-air-m4-midnight-mw123ll-a-2025-review.md,79,2024-11-21-macbook-family-review
_posts/2025-09-12-apple-macbook-air-m4-midnight-mw123ll-a-2025-review.md,80,2023-07-01-laptop-roundup-ultimate-guide
_posts/2025-09-15-uno-elite-core-green-yaya-diaby-tampa-buccaneers.md,100,2024-08-16-geeknite-review-pixel-pack-x
_posts/2025-09-15-uno-elite-core-green-yaya-diaby-tampa-buccaneers.md,102,2023-11-02-geeknite-season-preview
_posts/2025-10-01-apple-macbook-air-m4-mw123ll-a-midnight-2025-review.md,65,links
_posts/2025-10-01-apple-macbook-air-m4-mw123ll-a-midnight-2025-review.md,86,2024-06-15-macbook-air-m2-review
_posts/2025-10-01-apple-macbook-air-m4-mw123ll-a-midnight-2025-review.md,87,2025-01-08-macos-tips-tricks-advanced
_posts/2025-10-14-uno-elite-core-edition-yellow-tyler-goodson.md,67,2024-11-15-uno-review
_posts/2025-10-14-uno-elite-core-edition-yellow-tyler-goodson.md,68,2023-07-18-collectible-tips
_posts/2025-10-14-uno-elite-core-edition-yellow-tyler-goodson.md,115,2024-11-15-uno-review
_posts/2025-10-14-uno-elite-core-edition-yellow-tyler-goodson.md,116,2023-07-18-collectible-tips
_posts/2025-10-25-uno-gold-edition-card-game-2025-review.md,12,below.
_posts/2025-10-25-uno-gold-edition-card-game-2025-review.md,65,2023-05-12-uno-classic-review
_posts/2025-10-25-uno-gold-edition-card-game-2025-review.md,66,2024-11-02-uno-evolution
_posts/2025-10-25-uno-gold-edition-card-game-2025-review.md,67,2024-08-20-uno-championship
_posts/2025-10-25-uno-gold-edition-card-game-2025-review.md,110,2023-05-12-uno-classic-review
_posts/2025-10-25-uno-gold-edition-card-game-2025-review.md,111,2024-11-02-uno-evolution
_posts/2025-10-25-uno-gold-edition-card-game-2025-review.md,112,2024-08-20-uno-championship
_posts/2025-11-01-apple-macbook-air-15-m4-review.md,17,2024-09-01-macbook-air-refresh
_posts/2025-11-01-apple-macbook-air-15-m4-review.md,119,2024-09-01-macbook-air-refresh
_posts/2025-11-01-uno-elite-core-dual-color-foil-pick-your-card-review.md,22,markers
_posts/2025-11-01-uno-nfl-elite-core-edition-wild-foil-flux-will-mcdonald-iv-sp.md,64,links
_posts/2025-11-01-uno-nfl-elite-core-edition-wild-foil-flux-will-mcdonald-iv-sp.md,81,references
_posts/2025-11-01-uno-nfl-elite-core-edition-wild-foil-flux-will-mcdonald-iv-sp.md,95,tag.
_posts/2025-11-01-uno-nfl-elite-core-edition-wild-foil-flux-will-mcdonald-iv-sp.md,117,pages
_posts/2025-11-01-wicked-uno-movie-edition.md,13,2024-05-20-uno-recap
_posts/2025-11-01-wicked-uno-movie-edition.md,59,2023-09-18-crossbrand-board-games
_posts/2025-11-01-wicked-uno-movie-edition.md,101,2023-11-02-collectors-notes-variant-chase
_posts/2025-11-01-wicked-uno-movie-edition.md,135,2024-03-22-uno-tacticals
_posts/2025-11-01-wicked-uno-movie-edition.md,174,2022-01-15-crossovers-and-ctrl-alt-fun
_posts/2025-11-05-uno-gold-edition-2025.md,76,2024-05-12-uno-foil-edition-review
_posts/2025-11-05-uno-gold-edition-2025.md,77,2023-12-10-coleccionables-uno-arte-y-foil
_posts/2025-11-12-apple-macbook-air-15-m4-chip-16gb-ram-256gb-ssd-midnight-mw1l3ll-a-2025-model.md,79,to
_posts/2025-11-12-apple-macbook-air-15-m4-chip-16gb-ram-256gb-ssd-midnight-mw1l3ll-a-2025-model.md,80,2024-12-01-apple-silicon-evolution
_posts/2025-11-12-apple-macbook-air-15-m4-chip-16gb-ram-256gb-ssd-midnight-mw1l3ll-a-2025-model.md,81,2024-10-14-macos-sonoma-deep-dive
_posts/2025-11-12-apple-macbook-air-15-m4-chip-16gb-ram-256gb-ssd-midnight-mw1l3ll-a-2025-model.md,127,2024-12-01-apple-silicon-evolution
_posts/2025-11-12-apple-macbook-air-15-m4-chip-16gb-ram-256gb-ssd-midnight-mw1l3ll-a-2025-model.md,128,2024-10-22-air-vs-pro-comparison
_posts/2025-11-12-uno-no-mercy-card-game-2025-review.md,17,'uno-original-review'
_posts/2025-11-12-uno-no-mercy-card-game-2025-review.md,72,'party-games-dynamics-101'
_posts/2025-11-12-uno-no-mercy-card-game-2025-review.md,102,'uno-edition-overview'
_posts/2025-11-12-uno-no-mercy-card-game-2025-review.md,118,'best-party-games-2023'
_posts/2025-11-12-uno-no-mercy-card-game-2025-review.md,131,'party-games-dynamics-101'
_posts/2025-11-15-2025-mattel-uno-elite-nfl-core-edition-foil-yellow-travis-kelce-color-match.md,21,tag
_posts/2025-11-15-apple-macbook-air-15-m4-review.md,80,2024-09-01-macbook-air-m3-review
_posts/2025-11-15-apple-macbook-air-15-m4-review.md,84,2023-05-14-battery-test-methodology
_posts/2025-11-15-codenames-xxl-2025.md,22,2024-06-10-codenames-origin
_posts/2025-11-15-codenames-xxl-2025.md,92,2024-06-10-codenames-origin
_posts/2025-11-15-codenames-xxl-2025.md,93,2023-11-08-ultimate-guide-to-clue-writing
_posts/2025-11-15-mattel-uno-elite-core-edition-yaya-diaby-yellow-tampa-bay-buccaneer.md,76,links
_posts/2025-11-20-findus-2025-spielkarten-one-mattel-limited-edition-sammlung.md,85,2024-09-15-geeknite-mattel-crossover-review
_posts/2025-11-20-findus-2025-spielkarten-one-mattel-limited-edition-sammlung.md,86,2023-12-01-limited-edition-card-guide
_posts/2025-11-20-nuevo-codenames-2edicion-2025.md,12,2024-04-14-codenames-original.md
_posts/2025-11-20-quentin-lake-2025-uno-elite-core-dual-color-foil-green-yellow.md,65,2024-11-01-keyboard-roundup
_posts/2025-11-20-quentin-lake-2025-uno-elite-core-dual-color-foil-green-yellow.md,66,2024-08-15-foil-keycaps-trends
_posts/2025-11-20-quentin-lake-2025-uno-elite-core-dual-color-foil-green-yellow.md,67,2023-07-12-switch-dampening-dive
_posts/2025-11-21-apple-macbook-air-13-inch-m4-chip-mw133ll-a.md,16,2024-09-15-macbook-air-through-the-ages
_posts/2025-11-21-apple-macbook-air-13-inch-m4-chip-mw133ll-a.md,113,2024-10-12-optimizing-macos-workflow
_posts/2025-11-21-apple-macbook-air-13-inch-m4-chip-mw133ll-a.md,126,2024-09-15-macbook-air-through-the-ages
_posts/2025-11-28-uno-elite-core-edition-yellow-yaya-diaby.md,87,and
_posts/2025-11-28-uno-elite-core-edition-yellow-yaya-diaby.md,96,references
_posts/2025-11-30-apple-macbook-air-13-m4-chip-16gb-ram-256gb-ssd-sky-blue-mc6t4ll-a-2025-model.md,17,2024-11-15-macbook-air-m3-review
_posts/2025-11-30-apple-macbook-air-13-m4-chip-16gb-ram-256gb-ssd-sky-blue-mc6t4ll-a-2025-model.md,130,2024-06-12-m1-to-m2-to-m4-silicon-evolution
_posts/2025-11-30-apple-macbook-air-13-m4-chip-16gb-ram-256gb-ssd-sky-blue-mc6t4ll-a-2025-model.md,144,2024-11-15-macbook-air-m3-review
_posts/2025-12-01-uno-gold-edition-card-game-review.md,111,2024-uno-trends
_posts/2025-12-01-uno-gold-edition-card-game-review.md,112,2023-best-party-games
_posts/2025-12-01-uno-gold-edition-card-game-review.md,113,2022-game-night-humor
_posts/2025-12-01-uno-gold-edition-gioco-di-carte-2025.md,13,2024-uno-regole-y-estrategias
_posts/2025-12-15-apple-2025-macbook-air-13-m4-16gb-ram-512gb-ssd-starlight-mw103ll-a.md,15,2024-08-12-geeknite-macbook-air-m3-review
_posts/2025-12-15-apple-2025-macbook-air-13-m4-16gb-ram-512gb-ssd-starlight-mw103ll-a.md,103,2024-07-21-geeknite-macbook-air-m4-vs-m3-comparison
_posts/2025-12-15-apple-2025-macbook-air-13-m4-16gb-ram-512gb-ssd-starlight-mw103ll-a.md,121,2024-08-12-geeknite-macbook-air-m3-review
_posts/2025-12-15-top-5-strategy-board-games-2025.md,32,2024-03-12-best-engine-building-games
_posts/2025-12-15-top-5-strategy-board-games-2025.md,33,2023-11-07-lightweight-strategy-nights
_posts/2025-12-15-top-5-strategy-board-games-2025.md,34,2024-01-12-best-cooperative-strategy-games
_posts/2025-12-15-top-5-strategy-board-games-2025.md,60,2023-04-18-best-2p-strategy-games
_posts/2025-12-15-top-5-strategy-board-games-2025.md,85,2024-05-22-engine-building-vs-combat-suites
_posts/2025-12-15-top-5-strategy-board-games-2025.md,110,2023-04-18-best-2p-strategy-games
_posts/2025-12-15-top-5-strategy-board-games-2025.md,111,2022-09-03-asymmetry-design
_posts/2025-12-15-top-5-strategy-board-games-2025.md,136,2024-08-09-best-family-strategy-games
_posts/2025-12-15-top-5-strategy-board-games-2025.md,137,2023-12-01-deck-building-euro-style
_posts/2025-12-15-top-5-strategy-board-games-2025.md,150,2024-03-12-best-engine-building-games
_posts/2025-12-15-top-5-strategy-board-games-2025.md,160,2023-08-14-best-lightweight-strategy-games
_posts/2025-12-15-top-5-strategy-board-games-2025.md,161,2024-01-12-top-coop-strategy-games
_posts/2025-12-15-top-5-strategy-board-games-2025.md,162,2022-05-03-classic-euro-heavy-games
_posts/2025-12-15-uno-elite-core-green-yaya-diaby-buccaneers.md,92,2024-05-20-uno-classic-review
_posts/2025-12-15-uno-elite-core-green-yaya-diaby-buccaneers.md,134,2024-09-11-sports-board-night-ideas
_posts/2025-12-15-uno-nfl-core-elite-travis-kelce-color-match.md,59,for
_posts/2026-02-17-dawn-blue-synthetic-custom-area-rug-custom-size-8x10.md,59,link
_posts/2026-12-01-christmas-inflatable-santa-led-ip44-600cm-xxl.md,143,2024-12-15-inflatable-decor-safety
_posts/2026-12-18-uno-family-pack-family-game-night-2-10-players-christmas-games.md,15,2025-11-01-family-games-night.html
_posts/2026-12-18-uno-family-pack-family-game-night-2-10-players-christmas-games.md,77,2024-10-05-family-game-night-hack.html
_posts/2026-12-18-uno-family-pack-family-game-night-2-10-players-christmas-games.md,119,2025-11-01-family-games-night.html
_posts/2026-12-18-uno-family-pack-family-game-night-2-10-players-christmas-games.md,139,2023-12-01-quick-party-games.html
_posts/2026-12-20-cards-against-humanity-die-weihnachtsedition.md,25,2025-12-24-geeknite-christmas-review
_posts/2026-12-20-cards-against-humanity-die-weihnachtsedition.md,60,2025-12-24-geeknite-christmas-review
_posts/2026-12-20-cards-against-humanity-die-weihnachtsedition.md,61,2024-11-28-board-game-nerds-recap
_posts/2026-12-20-cards-against-humanity-die-weihnachtsedition.md,92,2025-12-24-geeknite-christmas-review
_posts/2026-12-25-christmas-inflatable-santa-600cm-xxl.md,138,2026-11-15-led-outdoor-decor-review
_posts/2026-12-25-christmas-inflatable-santa-600cm-xxl.md,176,2026-11-15-led-outdoor-decor-guide
_posts/2026-12-25-christmas-inflatable-santa-600cm-xxl.md,177,2026-11-10-inflatable-showdown
_posts/YYYY-MM-DD-slug-here.md,111,2026-05-01-adult-party-games.md
_posts/YYYY-MM-DD-slug-here.md,112,2026-04-01-inclusive-humor.md
